{"cameraMode":{"drawMode":0,"name":"Shaded","section":"Shading Mode"},"sceneLighting":true,"audioPlay":false,"sceneViewState":{"showFog":true,"showMaterialUpdate":false,"showSkybox":true,"showFlares":true,"showImageEffects":true,"showParticleSystems":true},"in2DMode":false,"pivot":{"x":-114.92119598388672,"y":-79.11290740966797,"z":180.51605224609376},"rotation":{"x":0.18945445120334626,"y":-0.29215723276138308,"z":0.05919034779071808,"w":0.9355624318122864},"size":268.6005554199219,"orthographic":false}